StartDate,EndDate,Status,IPAddress,Progress,Duration (in seconds),Finished,RecordedDate,ResponseId,LocationLatitude,LocationLongitude,Q1,Q3,Q5,Q7,Q9,Q12,Q13,Q13_248_TEXT,Q14,Q15,Q16,Evaluator Email,Associate ID,Date of Hire,Department
Start Date,End Date,Response Type,IP Address,Progress,Duration (in seconds),Finished,Recorded Date,Response ID,Location Latitude,Location Longitude,Your Company has a clear plan of action.,The leader of my team keeps me informed about what is going on.,"During this time, Your Company cares about my well-being.",I feel well-prepared to do my job.,I feel comfortable asking my manager for a flexible work arrangement during this time.,"What is your race/ethnicity?
To the extent you are comfortable, we strongly encourage you to share this demographic information as it's crucial to our ability to live our value of Lead for Racial Equity and assess how our stYour Companyf experience Your Company across lines of difference. Your data is reported completely anonymously and we have established a Data Usage Policy to protect your data.","What is your gender?
Your data is reported completely anonymously and we have established a Data Usage Policy to protect your data. - Selected Choice","What is your gender?
Your data is reported completely anonymously and we have established a Data Usage Policy to protect your data. - I prefer to self-describe - Text","Do you consider yourself a member of the LGTBQ+ community? (What does this mean?)

Your Company does not discriminate on the basis of sexual orientation, gender identity, or gender expression. Learn more about our data usage policies and how we protect your anonymity. If you are an ally, please select ""No."" Thank you for your solidarity!","Were you in the first generation of your family to attend college?
Your data is reported completely anonymously and we have established a Data Usage Policy to protect your data.",In which school year did you first begin working in the field of education?,Evaluator Email,Associate ID,Date of Hire,Department
"{""ImportId"":""startDate"",""timeZone"":""America/New_York""}","{""ImportId"":""endDate"",""timeZone"":""America/New_York""}","{""ImportId"":""status""}","{""ImportId"":""ipAddress""}","{""ImportId"":""progress""}","{""ImportId"":""duration""}","{""ImportId"":""finished""}","{""ImportId"":""recordedDate"",""timeZone"":""America/New_York""}","{""ImportId"":""_recordId""}","{""ImportId"":""locationLatitude""}","{""ImportId"":""locationLongitude""}","{""ImportId"":""QID64""}","{""ImportId"":""QID65""}","{""ImportId"":""QID66""}","{""ImportId"":""QID67""}","{""ImportId"":""QID68""}","{""ImportId"":""QID119""}","{""ImportId"":""QID120""}","{""ImportId"":""QID120_248_TEXT""}","{""ImportId"":""QID121""}","{""ImportId"":""QID122""}","{""ImportId"":""QID123""}","{""ImportId"":""Evaluator Email""}","{""ImportId"":""Associate ID""}","{""ImportId"":""Date of Hire""}","{""ImportId"":""Department""}"
4/27/20 8:36,4/27/20 8:40,EX,104.162.193.30,100,249,TRUE,4/27/20 8:40,mBACjvxxEN,40.74279785,-73.97119904,Neutral,Strongly agree,Agree,Disagree,Neutral,Asian,Male,,No,No,2013-14 year,mBACjvxxEN@testtest.com,mBACjvxxEN,3/16/20,LXMTADAQQL
4/27/20 9:16,4/27/20 9:17,EX,74.71.245.50,100,64,TRUE,4/27/20 9:17,8M7aBpubh8,40.80000305,-73.9763031,Strongly agree,Agree,Neutral,Agree,Agree,White,Female,,No,No,2016-17 year,8M7aBpubh8@testtest.com,8M7aBpubh8,7/5/18,EURKCYOLMQ
4/27/20 9:17,4/27/20 9:19,EX,68.196.59.94,100,101,TRUE,4/27/20 9:19,2tUTdOcRW6,40.61790466,-73.98560333,Disagree,Agree,Disagree,Neutral,Agree,Black or Your Companyrican-American,Male,,No,Yes,2016-17 year,2tUTdOcRW6@testtest.com,2tUTdOcRW6,10/3/16,FIFFPHHZXY
4/27/20 9:16,4/27/20 9:19,EX,72.76.190.76,100,150,TRUE,4/27/20 9:19,wHiL0TjOOs,40.84919739,-73.97350311,Agree,Strongly agree,Agree,Strongly agree,Strongly agree,Black or Your Companyrican-American,Female,,No,No,2017-18 year,wHiL0TjOOs@testtest.com,wHiL0TjOOs,1/10/20,BCQPEYGGAX
4/27/20 9:18,4/27/20 9:19,EX,100.19.57.240,100,41,TRUE,4/27/20 9:19,NMXk8WWsQH,40.35560608,-74.98390198,Agree,Strongly agree,Strongly agree,Agree,Strongly agree,White,Female,,No,No,2001 - 2005 years,NMXk8WWsQH@testtest.com,NMXk8WWsQH,7/1/18,ZCQDURLCGE
4/27/20 9:19,4/27/20 9:20,EX,72.209.62.243,100,87,TRUE,4/27/20 9:20,RhS6rlCwYx,41.76890564,-71.47579956,Strongly agree,Strongly agree,Agree,Agree,Agree,,,,,,,RhS6rlCwYx@testtest.com,RhS6rlCwYx,2/3/20,SDKPIUMSMK
4/27/20 9:16,4/27/20 9:21,EX,73.4.62.157,100,265,TRUE,4/27/20 9:21,M7W7pSwo5a,41.35710144,-72.93340302,Neutral,Agree,Neutral,Agree,Strongly agree,White,Male,,No,I prefer not to respond,2016-17 year,M7W7pSwo5a@testtest.com,M7W7pSwo5a,6/5/17,MFPOOEDITO
4/27/20 9:20,4/27/20 9:22,EX,100.38.73.9,100,119,TRUE,4/27/20 9:22,STn7Elvp8c,40.77870178,-73.91320038,Strongly agree,Strongly agree,Strongly agree,Strongly agree,Strongly agree,Hispanic or Latino,Female,,No,Yes,2017-18 year,STn7Elvp8c@testtest.com,STn7Elvp8c,4/8/19,XARKBNDQOY
4/27/20 9:22,4/27/20 9:23,EX,74.98.232.109,100,59,TRUE,4/27/20 9:23,jLvlQCmZKo,40.47250366,-79.9108963,Agree,Agree,Neutral,Agree,Neutral,White,Female,,No,No,2017-18 year,jLvlQCmZKo@testtest.com,jLvlQCmZKo,8/7/17,TSWRWJEIJA
4/27/20 9:16,4/27/20 9:24,EX,70.175.204.47,100,483,TRUE,4/27/20 9:24,sAUyVQqPRV,41.76890564,-71.47579956,Neutral,Agree,Agree,Agree,Neutral,I prefer not to respond,Female,,No,No,2017-18 year,sAUyVQqPRV@testtest.com,sAUyVQqPRV,8/7/19,DVNDFQGJIH
4/27/20 9:19,4/27/20 9:25,EX,68.189.243.143,100,376,TRUE,4/27/20 9:25,wKwVUKgw3v,41.2572937,-73.2111969,Agree,Neutral,Agree,Agree,Disagree,White,Female,,Yes,Yes,2013-14 year,wKwVUKgw3v@testtest.com,wKwVUKgw3v,7/1/13,ZANVFYATRN
4/27/20 9:24,4/27/20 9:26,EX,67.250.92.187,100,92,TRUE,4/27/20 9:26,wHyuZGwLG7,40.77059937,-73.92829895,Agree,Agree,Agree,Agree,Agree,I prefer not to respond,I prefer not to respond,,I prefer not to respond,I prefer not to respond,I prefer not to respond,wHyuZGwLG7@testtest.com,wHyuZGwLG7,9/10/12,CNSUQBNQJX
4/27/20 9:26,4/27/20 9:26,EX,108.21.207.252,100,45,TRUE,4/27/20 9:26,Chljsgb9rH,40.67399597,-73.9701004,Strongly agree,Agree,Strongly agree,Agree,Strongly agree,Two or More Races,Male,,Yes,No,2011-12 year,Chljsgb9rH@testtest.com,Chljsgb9rH,7/1/18,VDQSUXTWET
4/27/20 9:23,4/27/20 9:26,EX,73.126.141.65,100,202,TRUE,4/27/20 9:26,zQbVb4D86A,41.74899292,-72.69039917,Agree,Agree,Agree,Agree,Agree,Two or More Races,Male,,No,Yes,2014-15 year,zQbVb4D86A@testtest.com,zQbVb4D86A,6/12/19,OQPPFUSSFZ
4/27/20 9:28,4/27/20 9:29,EX,72.79.78.79,100,70,TRUE,4/27/20 9:29,Vj3DJOQ4RT,40.76409912,-74.16539764,Neutral,Agree,Disagree,Strongly agree,Strongly agree,Hispanic or Latino,Female,,No,Yes,2014-15 year,Vj3DJOQ4RT@testtest.com,Vj3DJOQ4RT,1/5/15,QVXGBHIPYN
4/27/20 9:20,4/27/20 9:30,EX,24.193.94.11,100,627,TRUE,4/27/20 9:30,3gJg2q8Led,40.66430664,-73.9763031,Neutral,Agree,Strongly agree,Strongly agree,Agree,White,Female,,No,No,2001 - 2005 years,3gJg2q8Led@testtest.com,3gJg2q8Led,7/29/13,FBCHLKVTUR
4/27/20 9:29,4/27/20 9:31,EX,69.127.188.45,100,82,TRUE,4/27/20 9:31,cNDjCYtYFL,40.84700012,-73.86160278,Strongly agree,Strongly disagree,Neutral,Agree,Strongly agree,I prefer not to respond,I prefer not to respond,,I prefer not to respond,I prefer not to respond,I prefer not to respond,cNDjCYtYFL@testtest.com,cNDjCYtYFL,7/17/17,ADUDONSNRP
4/27/20 9:30,4/27/20 9:31,EX,69.203.217.44,100,71,TRUE,4/27/20 9:31,IfivoPNKtJ,40.73080444,-73.99749756,Agree,Strongly agree,Agree,Strongly agree,Strongly agree,Black or Your Companyrican-American,Male,,Yes,Yes,2014-15 year,IfivoPNKtJ@testtest.com,IfivoPNKtJ,8/5/19,SSYEUSPMET
4/27/20 9:16,4/27/20 9:32,EX,32.212.58.33,100,936,TRUE,4/27/20 9:32,OYtZdz4BM2,41.31860352,-72.93019867,Agree,Strongly agree,Agree,Strongly agree,Neutral,White,Female,,No,Yes,2018-19 year,OYtZdz4BM2@testtest.com,OYtZdz4BM2,6/18/18,TJTCBYGUJG
4/27/20 9:30,4/27/20 9:32,EX,73.186.177.195,100,108,TRUE,4/27/20 9:32,zkKurHnARH,41.45680237,-72.82450104,Agree,Strongly agree,Agree,Agree,Agree,White,Female,,No,No,2006 - 2010 years,zkKurHnARH@testtest.com,zkKurHnARH,7/1/16,DOWWAUNGDX
4/27/20 9:16,4/27/20 9:34,EX,68.196.21.198,100,1051,TRUE,4/27/20 9:34,GyJ9MkZuPm,40.98640442,-74.11119843,Neutral,Neutral,Neutral,Disagree,Strongly disagree,Hispanic or Latino,Female,,Yes,I prefer not to respond,2017-18 year,GyJ9MkZuPm@testtest.com,GyJ9MkZuPm,4/24/17,LIQOHNVVJZ
4/27/20 9:27,4/27/20 9:34,EX,47.17.124.186,100,441,TRUE,4/27/20 9:34,oRrfguvjUn,41.32800293,-74.18939972,Disagree,Neutral,Neutral,Disagree,Disagree,White,Female,,No,Yes,2001 - 2005 years,oRrfguvjUn@testtest.com,oRrfguvjUn,9/8/14,OHOSBAGTAY
4/27/20 9:29,4/27/20 9:34,EX,32.208.112.22,100,350,TRUE,4/27/20 9:34,K9yL6hvHY7,41.20449829,-73.19879913,Agree,Agree,Agree,Agree,Neutral,White,Male,,No,No,2012-13 year,K9yL6hvHY7@testtest.com,K9yL6hvHY7,7/30/18,FMEMPJVSSJ
4/27/20 9:30,4/27/20 9:35,EX,24.247.69.134,100,269,TRUE,4/27/20 9:35,rZOKlIRNm3,44.81550598,-85.58029938,Agree,Strongly agree,Neutral,Agree,Agree,White,Female,,No,No,2006 - 2010 years,rZOKlIRNm3@testtest.com,rZOKlIRNm3,8/17/16,OKRPGNEEUS
4/27/20 9:34,4/27/20 9:35,EX,100.0.94.29,100,63,TRUE,4/27/20 9:35,XMk8oacSTx,42.48429871,-71.09519958,Agree,Agree,Strongly agree,Strongly agree,Agree,Hispanic or Latino,Female,,No,No,2011-12 year,XMk8oacSTx@testtest.com,XMk8oacSTx,7/16/18,CYWZEBTSHM
4/27/20 9:33,4/27/20 9:35,EX,71.185.232.35,100,111,TRUE,4/27/20 9:35,9dEVlvoPYb,40.07110596,-75.20510101,Agree,Agree,Disagree,Neutral,Agree,I prefer not to respond,I prefer not to respond,,I prefer not to respond,I prefer not to respond,I prefer not to respond,9dEVlvoPYb@testtest.com,9dEVlvoPYb,11/1/10,ZOMMYKGVJD
4/27/20 9:32,4/27/20 9:36,EX,73.60.241.37,100,271,TRUE,4/27/20 9:36,Q2SFWe2oOB,41.40969849,-72.91100311,Agree,Agree,Agree,Agree,Agree,White,Male,,No,No,2001 - 2005 years,Q2SFWe2oOB@testtest.com,Q2SFWe2oOB,7/1/12,GNWATLKSBC
4/27/20 9:33,4/27/20 9:37,EX,24.34.16.54,100,220,TRUE,4/27/20 9:37,N66CEnvOck,42.33639526,-71.0326004,Agree,Neutral,Agree,Disagree,Strongly agree,,Female,,No,Yes,2011-12 year,N66CEnvOck@testtest.com,N66CEnvOck,9/30/19,TYFWLBEITZ
4/27/20 9:20,4/27/20 9:38,EX,108.51.30.201,100,1071,TRUE,4/27/20 9:38,TZnsdLb7qK,38.89779663,-77.28849792,Agree,Neutral,Neutral,Disagree,Agree,White,Female,,No,No,2006 - 2010 years,TZnsdLb7qK@testtest.com,TZnsdLb7qK,7/7/08,WESFLWTKIH
4/27/20 9:28,4/27/20 9:39,EX,72.76.148.125,100,644,TRUE,4/27/20 9:39,mYbTQcw2gq,40.63569641,-74.25270081,Agree,Strongly agree,Strongly agree,Strongly agree,Strongly agree,Asian,Male,,I prefer not to respond,Yes,I prefer not to respond,mYbTQcw2gq@testtest.com,mYbTQcw2gq,3/7/11,LJCAOFBMNN
4/27/20 9:38,4/27/20 9:40,EX,24.184.220.114,100,121,TRUE,4/27/20 9:40,axlbjxk4Ff,41.21530151,-73.12329865,Strongly agree,Strongly agree,Strongly agree,Strongly agree,Strongly agree,Hispanic or Latino,Male,,No,I prefer not to respond,I prefer not to respond,axlbjxk4Ff@testtest.com,axlbjxk4Ff,7/16/07,QXZETXUUFM
4/27/20 9:39,4/27/20 9:41,EX,74.73.228.140,100,116,TRUE,4/27/20 9:41,p5uJxTlVFG,40.69549561,-73.96669769,Neutral,Agree,Neutral,Agree,Disagree,Black or Your Companyrican-American,I prefer not to respond,,I prefer not to respond,No,2016-17 year,p5uJxTlVFG@testtest.com,p5uJxTlVFG,6/3/19,EQCWYSPTKD
4/27/20 9:48,4/27/20 9:51,EX,73.119.21.138,100,153,TRUE,4/27/20 9:51,xwWrVL2XL1,42.32910156,-71.1815033,Disagree,Agree,Agree,Neutral,Agree,Two or More Races,Female,,No,No,2001 - 2005 years,xwWrVL2XL1@testtest.com,xwWrVL2XL1,8/1/07,NQILQLMMDV
4/27/20 9:48,4/27/20 9:51,EX,108.68.180.249,100,161,TRUE,4/27/20 9:51,drBr2JomgK,42.95849609,-85.478302,Agree,Disagree,Strongly agree,Strongly agree,Strongly agree,White,Male,,No,No,2014-15 year,drBr2JomgK@testtest.com,drBr2JomgK,8/7/17,FOXGFNCYCM
4/27/20 9:36,4/27/20 9:54,EX,70.181.17.120,100,1082,TRUE,4/27/20 9:54,hLqu8KISim,41.706604,-72.57450104,Disagree,Agree,Strongly disagree,Neutral,Strongly agree,I prefer not to respond,I prefer not to respond,,I prefer not to respond,I prefer not to respond,2006 - 2010 years,hLqu8KISim@testtest.com,hLqu8KISim,4/13/18,NXUEZUFZHV
4/27/20 9:50,4/27/20 9:55,EX,24.90.86.246,100,300,TRUE,4/27/20 9:55,oj1nmftr9j,40.76519775,-73.95880127,Disagree,Disagree,Disagree,Agree,Agree,White,Female,,No,No,2012-13 year,oj1nmftr9j@testtest.com,oj1nmftr9j,9/5/19,JYMPBDZOSX
4/27/20 9:49,4/27/20 9:56,EX,32.212.61.60,100,381,TRUE,4/27/20 9:56,pJFGUVVJZY,41.31860352,-72.93019867,Agree,Agree,Agree,Agree,Agree,Hispanic or Latino,Male,,No,Yes,During or before the 2000-2001 year,pJFGUVVJZY@testtest.com,pJFGUVVJZY,9/13/11,KGWGZUFQPP
4/27/20 9:57,4/27/20 9:58,EX,70.15.184.173,100,67,TRUE,4/27/20 9:58,aOv0Bi8XQv,40.90559387,-76.78720093,Agree,Strongly agree,Strongly agree,Strongly agree,Strongly agree,White,Female,,No,Yes,2015-16 year,aOv0Bi8XQv@testtest.com,aOv0Bi8XQv,8/17/15,CIYLPZGFGG
4/27/20 9:56,4/27/20 9:58,EX,47.17.7.170,100,133,TRUE,4/27/20 9:58,DBOLNuA9LG,40.67630005,-73.94920349,Neutral,Strongly agree,Strongly agree,Agree,Strongly agree,I prefer not to respond,,,I prefer not to respond,I prefer not to respond,I prefer not to respond,DBOLNuA9LG@testtest.com,DBOLNuA9LG,9/6/11,UQEBPMGLJM
4/27/20 9:53,4/27/20 10:00,EX,148.75.124.112,100,420,TRUE,4/27/20 10:00,awiNFOD1Gj,41.15190125,-73.50710297,Neutral,Agree,Agree,Neutral,Agree,White,Female,,No,No,2011-12 year,awiNFOD1Gj@testtest.com,awiNFOD1Gj,9/13/11,PGOHBRZBTC
4/27/20 9:48,4/27/20 10:01,EX,74.69.85.29,100,783,TRUE,4/27/20 10:01,6qbzunfPPY,43.1697998,-77.60070038,Neutral,Neutral,Agree,Agree,Neutral,White,Female,,No,No,2006 - 2010 years,6qbzunfPPY@testtest.com,6qbzunfPPY,7/5/17,VHRKEXXLFZ
4/27/20 9:54,4/27/20 10:03,EX,68.0.194.139,100,553,TRUE,4/27/20 10:03,P2jQmc0ep1,41.43429565,-71.45890045,Agree,Strongly agree,Agree,Neutral,Agree,White,Female,,No,No,2001 - 2005 years,P2jQmc0ep1@testtest.com,P2jQmc0ep1,7/1/13,GPYMLFSAEE
4/27/20 10:02,4/27/20 10:03,EX,32.214.62.136,100,66,TRUE,4/27/20 10:03,IHyIDHilF5,41.92829895,-72.64409637,Agree,Agree,Agree,Agree,Agree,Black or Your Companyrican-American,Female,,No,Yes,2011-12 year,IHyIDHilF5@testtest.com,IHyIDHilF5,7/1/16,FAWUXFYLBX
4/27/20 10:04,4/27/20 10:05,EX,47.17.6.99,100,64,TRUE,4/27/20 10:05,MKvUjsTc64,40.67630005,-73.94920349,Agree,Agree,Neutral,Neutral,Strongly agree,I prefer not to respond,I prefer not to respond,,I prefer not to respond,I prefer not to respond,2006 - 2010 years,MKvUjsTc64@testtest.com,MKvUjsTc64,1/3/13,GGKCHEVTFW
4/27/20 10:03,4/27/20 10:06,EX,73.114.60.77,100,176,TRUE,4/27/20 10:06,0323QvGBhS,41.75990295,-72.75740051,Agree,Strongly agree,Agree,Agree,Agree,White,Female,,No,Yes,2006 - 2010 years,0323QvGBhS@testtest.com,0323QvGBhS,7/17/17,UIITOVAGGE
4/27/20 10:05,4/27/20 10:09,EX,108.21.74.21,100,189,TRUE,4/27/20 10:09,N4PdJUKRD7,40.87030029,-73.85250092,Agree,Agree,Agree,Disagree,Strongly agree,Hispanic or Latino,Female,,No,No,2013-14 year,N4PdJUKRD7@testtest.com,N4PdJUKRD7,10/28/19,TXYMESTJDG
4/27/20 10:07,4/27/20 10:09,EX,73.182.129.82,100,80,TRUE,4/27/20 10:09,qMwnsIA0ld,41.31860352,-72.93019867,Neutral,Agree,Agree,Agree,Disagree,I prefer not to respond,I prefer not to respond,,I prefer not to respond,I prefer not to respond,I prefer not to respond,qMwnsIA0ld@testtest.com,qMwnsIA0ld,9/24/18,BXCIRTFMUM
4/27/20 10:10,4/27/20 10:11,EX,67.245.226.140,100,52,TRUE,4/27/20 10:11,rkCY1vWTmT,40.67990112,-74.00279999,Strongly agree,Strongly agree,Strongly agree,Strongly agree,Strongly agree,White,Male,,Yes,Yes,2001 - 2005 years,rkCY1vWTmT@testtest.com,rkCY1vWTmT,8/1/08,IXTXMXCSAN
4/27/20 10:04,4/27/20 10:11,EX,69.119.48.254,100,441,TRUE,4/27/20 10:11,FFRUBwDi0E,40.92709351,-72.65090179,Agree,Neutral,Agree,Neutral,Strongly agree,White,Female,,No,No,2006 - 2010 years,FFRUBwDi0E@testtest.com,FFRUBwDi0E,8/6/09,XFTLOWSCXP
4/27/20 10:12,4/27/20 10:18,EX,68.173.177.200,100,314,TRUE,4/27/20 10:18,94jTsO1wdR,40.7960968,-73.95130157,Agree,Agree,Strongly agree,Strongly disagree,Strongly agree,Black or Your Companyrican-American,Male,,No,Yes,During or before the 2000-2001 year,94jTsO1wdR@testtest.com,94jTsO1wdR,3/21/16,LNKVMDYQEW
4/27/20 10:16,4/27/20 10:18,EX,68.34.207.12,100,151,TRUE,4/27/20 10:18,8oBeSNT3by,36.17689514,-86.73390198,Agree,Neutral,Agree,Neutral,Agree,Hispanic or Latino,Female,,No,Yes,2001 - 2005 years,8oBeSNT3by@testtest.com,8oBeSNT3by,7/15/19,SLEFSZMJMC
4/27/20 10:08,4/27/20 10:19,EX,72.226.124.31,100,630,TRUE,4/27/20 10:19,IW13YHZZmo,40.73080444,-73.99749756,Disagree,Neutral,Strongly agree,Disagree,Strongly agree,White,Male,,Yes,No,2001 - 2005 years,IW13YHZZmo@testtest.com,IW13YHZZmo,7/2/15,RUOGUFOKZM
4/27/20 9:24,4/27/20 10:20,EX,67.82.74.125,100,3331,TRUE,4/27/20 10:20,0kUmKwRDVM,41.21530151,-73.12329865,Agree,Agree,Agree,Agree,Agree,White,Female,,No,No,2001 - 2005 years,0kUmKwRDVM@testtest.com,0kUmKwRDVM,6/10/11,YMKJOUQKLA
4/27/20 10:14,4/27/20 10:20,EX,24.228.115.243,100,355,TRUE,4/27/20 10:20,lhRGtZGI6C,40.67630005,-73.94920349,Agree,Agree,Neutral,Agree,Agree,Black or Your Companyrican-American,Female,,No,No,2015-16 year,lhRGtZGI6C@testtest.com,lhRGtZGI6C,2/1/16,UJVMRTFYDD
4/27/20 10:15,4/27/20 10:20,EX,65.96.75.108,100,264,TRUE,4/27/20 10:20,g2jvh5hRGK,41.31860352,-72.93019867,Disagree,Disagree,Neutral,Agree,Disagree,I prefer not to respond,I prefer not to respond,,I prefer not to respond,No,I prefer not to respond,g2jvh5hRGK@testtest.com,g2jvh5hRGK,1/6/14,NBGHQXUIKM
4/27/20 10:23,4/27/20 10:24,EX,69.123.248.218,100,49,TRUE,4/27/20 10:24,D0M1ZeDdMK,40.66499329,-73.95230103,Strongly agree,Strongly agree,Strongly agree,Agree,Agree,White,Male,,Yes,No,2013-14 year,D0M1ZeDdMK@testtest.com,D0M1ZeDdMK,7/1/16,PZAJVIKRGT
4/27/20 10:19,4/27/20 10:26,EX,47.16.122.174,100,406,TRUE,4/27/20 10:26,qyc4uE8bTX,40.68659973,-73.51239777,Neutral,Agree,Neutral,Neutral,Strongly agree,I prefer not to respond,I prefer not to respond,,I prefer not to respond,I prefer not to respond,I prefer not to respond,qyc4uE8bTX@testtest.com,qyc4uE8bTX,1/24/14,AHMBPHZTSC
4/27/20 9:42,4/27/20 10:28,EX,73.238.121.145,100,2767,TRUE,4/27/20 10:28,7xQl4VNYML,41.55569458,-72.66320038,Neutral,Agree,Strongly agree,Strongly agree,Strongly agree,Black or Your Companyrican-American,Female,,No,Yes,2019-20 year,7xQl4VNYML@testtest.com,7xQl4VNYML,9/16/19,EFPVTXDKRS
4/27/20 10:38,4/27/20 10:39,EX,38.99.108.131,100,82,TRUE,4/27/20 10:39,20cYmaLqwo,41.76210022,-72.72660065,Agree,Agree,Agree,Agree,Strongly agree,White,Female,,No,No,2013-14 year,20cYmaLqwo@testtest.com,20cYmaLqwo,9/29/14,IPUMICGNKA
4/27/20 10:39,4/27/20 10:40,EX,72.229.138.207,100,73,TRUE,4/27/20 10:40,Y94QbRJt1d,40.86909485,-73.9190979,Agree,Strongly agree,Strongly agree,Agree,Strongly agree,White,Female,,No,No,2006 - 2010 years,Y94QbRJt1d@testtest.com,Y94QbRJt1d,3/16/20,OTMJHADVTH
4/27/20 10:19,4/27/20 10:41,EX,67.85.215.236,100,1315,TRUE,4/27/20 10:41,4ZPsfopFgf,40.67129517,-73.89430237,Disagree,Agree,Neutral,Agree,Agree,,Female,,No,Yes,I prefer not to respond,4ZPsfopFgf@testtest.com,4ZPsfopFgf,6/21/17,JZSILKHZHR
4/27/20 10:37,4/27/20 10:46,EX,72.82.5.88,100,491,TRUE,4/27/20 10:46,cqcfTIo8Cw,41.83329773,-71.43139648,Agree,Strongly agree,Strongly agree,Strongly agree,Strongly agree,Hispanic or Latino,Female,,No,Yes,2017-18 year,cqcfTIo8Cw@testtest.com,cqcfTIo8Cw,3/9/17,LXWQXQVPSK
4/27/20 10:26,4/27/20 10:50,EX,104.148.240.140,100,1460,TRUE,4/27/20 10:50,xFZZV3v3sC,40.74240112,-74.03250122,Agree,Strongly agree,Agree,Agree,Agree,White,Female,,No,No,2014-15 year,xFZZV3v3sC@testtest.com,xFZZV3v3sC,8/13/18,CPKBQSGWJD
4/27/20 10:59,4/27/20 11:02,EX,68.110.203.52,100,150,TRUE,4/27/20 11:02,lLXyQpTNIP,41.82330322,-71.44100189,Agree,Agree,Agree,Agree,Agree,Black or Your Companyrican-American,Female,,No,Yes,2011-12 year,lLXyQpTNIP@testtest.com,lLXyQpTNIP,4/23/15,GUZMRLTQCX
4/27/20 11:02,4/27/20 11:04,EX,137.103.123.46,100,85,TRUE,4/27/20 11:04,spCTuOY4gr,41.46730042,-72.19059753,Agree,Agree,Agree,Neutral,Agree,White,Female,,No,No,2012-13 year,spCTuOY4gr@testtest.com,spCTuOY4gr,6/17/15,ENYRCVNYMV
4/27/20 11:07,4/27/20 11:13,EX,23.123.130.187,100,348,TRUE,4/27/20 11:13,homP9BTeuO,29.60090637,-95.22399902,Agree,Agree,Strongly agree,Neutral,Strongly agree,White,Female,,No,Yes,During or before the 2000-2001 year,homP9BTeuO@testtest.com,homP9BTeuO,2/15/17,JYCMTWSKXU
4/27/20 11:03,4/27/20 11:20,EX,73.61.243.63,100,1010,TRUE,4/27/20 11:20,5bWWtIfKMI,41.31480408,-72.69940186,Agree,Agree,Agree,Neutral,Strongly agree,Two or More Races,Female,,No,No,During or before the 2000-2001 year,5bWWtIfKMI@testtest.com,5bWWtIfKMI,8/5/10,QLLZZYULYX
4/27/20 9:41,4/27/20 11:37,EX,24.151.45.69,100,7005,TRUE,4/27/20 11:37,EBC15kPRNC,41.39480591,-73.3214035,Neutral,Disagree,Agree,Neutral,Agree,White,Male,,No,No,2013-14 year,EBC15kPRNC@testtest.com,EBC15kPRNC,5/20/13,HDKLXNQPZM
4/27/20 11:42,4/27/20 11:42,EX,104.162.64.163,100,48,TRUE,4/27/20 11:42,EM9b1fmZ60,40.62080383,-74.04260254,Strongly agree,Agree,Strongly agree,Strongly agree,Strongly agree,Asian,Male,,No,No,During or before the 2000-2001 year,EM9b1fmZ60@testtest.com,EM9b1fmZ60,6/1/09,VZETZYLBPB
4/27/20 11:42,4/27/20 11:43,EX,173.2.248.251,100,99,TRUE,4/27/20 11:43,cy4vrIs8gy,40.68769836,-73.92669678,Agree,Agree,Agree,Agree,Agree,White,Female,,No,No,2006 - 2010 years,cy4vrIs8gy@testtest.com,cy4vrIs8gy,8/1/10,QTOSOOSBTS
4/27/20 11:04,4/27/20 11:48,EX,173.69.56.196,100,2608,TRUE,4/27/20 11:48,NEhJqax0qS,41.95109558,-71.41300201,Agree,Strongly agree,Strongly agree,Agree,Strongly agree,White,Female,,No,No,2017-18 year,NEhJqax0qS@testtest.com,NEhJqax0qS,5/7/18,SQVKYFBWLB
4/27/20 12:06,4/27/20 12:07,EX,65.96.75.69,100,108,TRUE,4/27/20 12:07,tMRnAEkVty,41.31860352,-72.93019867,Disagree,Agree,Agree,Agree,Agree,I prefer not to respond,I prefer not to respond,,No,No,2012-13 year,tMRnAEkVty@testtest.com,tMRnAEkVty,5/29/19,FOUPNVYRYY
4/27/20 12:20,4/27/20 12:22,EX,68.194.95.113,100,128,TRUE,4/27/20 12:22,54VrBnr2JS,40.67390442,-73.93579865,Agree,Agree,Agree,Disagree,Strongly agree,White,Male,,No,No,2014-15 year,54VrBnr2JS@testtest.com,54VrBnr2JS,12/1/15,HZZYWWAEDT
4/27/20 10:10,4/27/20 12:26,EX,38.126.98.13,100,8130,TRUE,4/27/20 12:26,uE2h4wNTS5,41.2572937,-73.2111969,Agree,Agree,Agree,Neutral,Agree,White,Male,,No,Yes,2006 - 2010 years,uE2h4wNTS5@testtest.com,uE2h4wNTS5,3/16/09,FRERUGDJTI
4/27/20 12:29,4/27/20 12:31,EX,108.5.129.179,100,80,TRUE,4/27/20 12:31,k80L9YMSnm,40.74240112,-74.03250122,Agree,Agree,Agree,Neutral,Strongly agree,White,Female,,No,No,2006 - 2010 years,k80L9YMSnm@testtest.com,k80L9YMSnm,1/7/19,RIGFTMLURL
4/27/20 10:28,4/27/20 12:41,EX,72.79.19.217,100,7988,TRUE,4/27/20 12:41,vpAe5FIRZW,40.8184967,-74.1588974,Neutral,Agree,Agree,Agree,Strongly agree,Black or Your Companyrican-American,Female,,No,No,2006 - 2010 years,vpAe5FIRZW@testtest.com,vpAe5FIRZW,6/17/19,HQICJQFKRA
4/27/20 12:35,4/27/20 12:41,EX,73.73.18.133,100,387,TRUE,4/27/20 12:41,Ot0GEWF2nm,41.89070129,-87.790802,Agree,Agree,Agree,Disagree,Disagree,Two or More Races,Female,,No,Yes,2006 - 2010 years,Ot0GEWF2nm@testtest.com,Ot0GEWF2nm,7/1/18,SEQOCAUNRG
4/27/20 12:22,4/27/20 12:42,EX,32.215.222.128,100,1198,TRUE,4/27/20 12:42,KNuL5a3NK3,41.32929993,-72.96640015,Strongly agree,Strongly agree,Strongly agree,Strongly agree,Strongly agree,Black or Your Companyrican-American,Female,,No,Yes,2017-18 year,KNuL5a3NK3@testtest.com,KNuL5a3NK3,8/7/17,KAZQTMMAEE
4/27/20 12:43,4/27/20 12:47,EX,108.53.158.27,100,239,TRUE,4/27/20 12:47,zSDy4qGO2j,40.78689575,-74.25350189,Neutral,Neutral,Agree,Agree,Disagree,White,Female,,No,No,2011-12 year,zSDy4qGO2j@testtest.com,zSDy4qGO2j,7/9/18,SURVSIMFOK
4/27/20 12:52,4/27/20 12:54,EX,32.212.46.85,100,93,TRUE,4/27/20 12:54,KypMI1cZyF,41.31860352,-72.93019867,Agree,Agree,Strongly agree,Agree,Strongly agree,White,Female,,No,No,During or before the 2000-2001 year,KypMI1cZyF@testtest.com,KypMI1cZyF,6/23/99,GPXLROXFSS
4/27/20 11:59,4/27/20 13:06,EX,67.247.50.38,100,4053,TRUE,4/27/20 13:06,PiJxNW7717,40.69549561,-73.96669769,Agree,Strongly agree,Strongly agree,Strongly agree,Strongly agree,White,Female,,No,Yes,2006 - 2010 years,PiJxNW7717@testtest.com,PiJxNW7717,7/1/19,UYYUXMMGTJ
4/27/20 13:07,4/27/20 13:09,EX,24.185.219.138,100,68,TRUE,4/27/20 13:09,5yhACzNoOg,40.98930359,-72.17880249,Neutral,Agree,Agree,Agree,Agree,Asian,Female,,No,No,2001 - 2005 years,5yhACzNoOg@testtest.com,5yhACzNoOg,6/24/13,GKKOBLZQSB
4/27/20 9:36,4/27/20 13:17,EX,173.69.40.172,100,13233,TRUE,4/27/20 13:17,LpoOj2mxz9,41.44430542,-71.53170013,Agree,Disagree,Agree,Neutral,Agree,I prefer not to respond,Female,,No,I prefer not to respond,During or before the 2000-2001 year,LpoOj2mxz9@testtest.com,LpoOj2mxz9,7/24/14,OKJEPNFEUO
4/27/20 9:17,4/27/20 13:32,EX,24.90.110.73,100,15309,TRUE,4/27/20 13:32,LbQbAMaMtx,40.69400024,-73.99009705,Disagree,Agree,Disagree,Neutral,Neutral,White,Female,,No,Yes,2001 - 2005 years,LbQbAMaMtx@testtest.com,LbQbAMaMtx,7/1/13,JIZXXWJYXU
4/27/20 9:25,4/27/20 13:48,EX,71.183.45.13,100,15773,TRUE,4/27/20 13:48,yKZ8bwztF9,41.20100403,-73.7335968,Neutral,Neutral,Disagree,Disagree,Disagree,White,Female,,No,No,2012-13 year,yKZ8bwztF9@testtest.com,yKZ8bwztF9,7/15/19,ZEVTORZBRA
4/27/20 13:47,4/27/20 13:48,EX,73.182.189.178,100,60,TRUE,4/27/20 13:48,wqYour Companyf6lSsX,41.27760315,-72.81150055,Agree,Agree,Agree,Agree,Agree,White,Male,,No,Yes,2006 - 2010 years,wqYour Companyf6lSsX@testtest.com,wqYour Companyf6lSsX,9/24/12,MATLDSDOFH
4/27/20 14:05,4/27/20 14:06,EX,69.115.133.244,100,100,TRUE,4/27/20 14:06,9ZceKKcePh,40.68769836,-73.92669678,Agree,Strongly agree,Agree,Strongly agree,Strongly agree,Black or Your Companyrican-American,Male,,No,Yes,2012-13 year,9ZceKKcePh@testtest.com,9ZceKKcePh,9/23/13,HQOMVWKTEC
4/27/20 14:07,4/27/20 14:08,EX,68.173.122.151,100,46,TRUE,4/27/20 14:08,Vz9ztVS7aE,40.69400024,-73.99009705,Agree,Strongly agree,Strongly agree,Agree,Strongly agree,White,Male,,No,No,2019-20 year,Vz9ztVS7aE@testtest.com,Vz9ztVS7aE,2/12/20,PQUMGKASSA
4/27/20 14:03,4/27/20 14:10,EX,50.29.185.21,100,430,TRUE,4/27/20 14:10,RhMKUATc4f,41.53489685,-75.94719696,Agree,Neutral,Agree,Strongly agree,Strongly agree,White,Female,,No,No,2006 - 2010 years,RhMKUATc4f@testtest.com,RhMKUATc4f,6/23/15,PNPIJIGZEK
4/27/20 14:21,4/27/20 14:22,EX,73.253.233.145,100,76,TRUE,4/27/20 14:22,ixvfDak6gj,41.31860352,-72.93019867,Agree,Strongly agree,Strongly agree,Strongly agree,Strongly agree,White,Female,,No,No,During or before the 2000-2001 year,ixvfDak6gj@testtest.com,ixvfDak6gj,7/24/06,ALNWVBEBAR
4/27/20 14:34,4/27/20 14:35,EX,98.182.55.66,100,70,TRUE,4/27/20 14:35,U1rvgt3iLF,41.74389648,-71.31790161,Strongly agree,Strongly agree,Strongly agree,Strongly agree,Strongly agree,White,Female,,No,Yes,During or before the 2000-2001 year,U1rvgt3iLF@testtest.com,U1rvgt3iLF,7/9/07,PWXJBQNAWR
4/27/20 14:38,4/27/20 14:39,EX,68.191.59.167,100,66,TRUE,4/27/20 14:39,rMWL2HlINl,41.84669495,-73.01779938,Strongly disagree,Strongly agree,Strongly agree,Strongly agree,Neutral,White,Male,,No,No,2006 - 2010 years,rMWL2HlINl@testtest.com,rMWL2HlINl,5/20/19,WCYCVDQHBK
4/27/20 14:48,4/27/20 14:51,EX,71.183.71.179,100,187,TRUE,4/27/20 14:51,QG2G9EWXns,40.83439636,-73.70079803,Neutral,Neutral,Agree,Disagree,Agree,White,Female,,No,No,2011-12 year,QG2G9EWXns@testtest.com,QG2G9EWXns,7/1/11,UCUXNGVVTF
4/27/20 9:17,4/27/20 14:54,EX,173.68.5.37,100,20273,TRUE,4/27/20 14:54,cyYgNRCWEZ,40.80880737,-73.91950226,Neutral,Neutral,Agree,Neutral,Strongly agree,White,Male,,No,No,2006 - 2010 years,cyYgNRCWEZ@testtest.com,cyYgNRCWEZ,6/18/18,UKNLDTSPLO
4/27/20 15:21,4/27/20 15:26,EX,68.9.185.250,100,287,TRUE,4/27/20 15:26,jy3FxTwbRf,41.44430542,-71.53170013,Strongly agree,Neutral,Strongly agree,Strongly agree,Strongly agree,White,,,No,No,2001 - 2005 years,jy3FxTwbRf@testtest.com,jy3FxTwbRf,8/21/17,VKICUBYLGN
4/27/20 10:12,4/27/20 16:15,EX,173.2.250.120,100,21761,TRUE,4/27/20 16:15,kTXI9Nftfr,40.68769836,-73.92669678,Agree,Agree,Agree,Neutral,Strongly agree,White,Female,,No,No,2012-13 year,kTXI9Nftfr@testtest.com,kTXI9Nftfr,8/8/19,WJPVVGNLSF
4/27/20 16:21,4/27/20 16:23,EX,73.248.169.133,100,83,TRUE,4/27/20 16:23,GNT88wmM0K,40.80220032,-74.19139862,Agree,Strongly agree,Agree,Strongly agree,Strongly agree,Black or Your Companyrican-American,Female,,No,No,2015-16 year,GNT88wmM0K@testtest.com,GNT88wmM0K,7/1/15,JGVOSETSGV
4/27/20 16:08,4/27/20 16:25,EX,73.57.78.25,100,1042,TRUE,4/27/20 16:25,loPq4AQqAz,25.08200073,-80.44869995,Neutral,Strongly agree,Agree,Strongly agree,Neutral,White,Female,,No,Yes,2016-17 year,loPq4AQqAz@testtest.com,loPq4AQqAz,9/4/19,XYPNBMSQGF
4/27/20 16:44,4/27/20 16:48,EX,174.192.17.42,100,206,TRUE,4/27/20 16:48,F8E8NjnVlW,41.49389648,-73.05169678,Agree,Strongly agree,Neutral,Agree,Agree,Black or Your Companyrican-American,Male,,No,Yes,2011-12 year,F8E8NjnVlW@testtest.com,F8E8NjnVlW,11/4/19,EPYCJSJTZK
4/27/20 9:43,4/27/20 17:00,EX,69.127.214.132,100,26193,TRUE,4/27/20 17:00,yWc0y16E45,41.30329895,-73.78289795,Agree,Agree,Agree,Neutral,Neutral,I prefer not to respond,I prefer not to respond,,No,No,2006 - 2010 years,yWc0y16E45@testtest.com,yWc0y16E45,8/1/09,BLYAHPMHPH
4/27/20 17:34,4/27/20 17:39,EX,24.38.187.5,100,321,TRUE,4/27/20 17:39,zYLmf6hHEp,41.6842041,-71.26490021,Agree,Neutral,Agree,Agree,Agree,White,Female,,Yes,No,2006 - 2010 years,zYLmf6hHEp@testtest.com,zYLmf6hHEp,7/31/06,LXEJDZYULZ
4/27/20 17:39,4/27/20 17:42,EX,68.199.151.76,100,169,TRUE,4/27/20 17:42,XQSzw6rScu,40.61860657,-73.92720032,Agree,Strongly agree,Strongly agree,Strongly agree,Agree,Black or Your Companyrican-American,Female,,No,Yes,2013-14 year,XQSzw6rScu@testtest.com,XQSzw6rScu,8/30/18,MWUFFQDWVQ
4/27/20 17:56,4/27/20 17:57,EX,67.173.53.83,100,40,TRUE,4/27/20 17:57,uK1xbUVevj,41.94090271,-87.65319824,Strongly agree,Strongly agree,Strongly agree,Strongly agree,Agree,White,Male,,Yes,No,2006 - 2010 years,uK1xbUVevj@testtest.com,uK1xbUVevj,7/1/13,SMXALDSFLT
4/27/20 21:58,4/27/20 22:00,EX,108.35.51.102,100,141,TRUE,4/27/20 22:00,6Wh1nc5YbY,40.12010193,-74.05940247,Agree,Agree,Agree,Agree,Agree,White,Female,,No,No,2006 - 2010 years,6Wh1nc5YbY@testtest.com,6Wh1nc5YbY,8/26/13,WPHDZORAWO
4/28/20 0:06,4/28/20 0:12,EX,108.30.110.64,100,363,TRUE,4/28/20 0:12,bE10dt05q9,40.5980072,-73.94670105,Neutral,Agree,Agree,Agree,Agree,White,Female,,No,No,I prefer not to respond,bE10dt05q9@testtest.com,bE10dt05q9,4/7/08,YLTFWFAIQQ
4/28/20 0:39,4/28/20 0:42,EX,64.112.181.3,100,186,TRUE,4/28/20 0:42,C8bAnzurZz,42.34919739,-71.06580353,Strongly agree,Strongly agree,Strongly agree,Strongly agree,Strongly agree,Two or More Races,Female,,No,No,2006 - 2010 years,C8bAnzurZz@testtest.com,C8bAnzurZz,7/23/18,OQLLKQGNZA
4/28/20 7:20,4/28/20 7:22,EX,66.108.75.147,100,119,TRUE,4/28/20 7:22,RRDbHzTt7V,40.70329285,-73.80380249,Agree,Disagree,Neutral,Disagree,Neutral,Black or Your Companyrican-American,Female,,No,Yes,2001 - 2005 years,RRDbHzTt7V@testtest.com,RRDbHzTt7V,10/9/17,PHVXNAPLSA
4/28/20 9:10,4/28/20 9:12,EX,173.68.101.49,100,117,TRUE,4/28/20 9:12,UTrcaw2ZtL,40.7098999,-73.95909882,Agree,Agree,Agree,Agree,Agree,Black or Your Companyrican-American,Male,,Yes,No,2013-14 year,UTrcaw2ZtL@testtest.com,UTrcaw2ZtL,7/16/18,GBQYour CompanyIZJVW
4/28/20 9:52,4/28/20 9:58,EX,108.54.74.126,100,358,TRUE,4/28/20 9:58,1ePQq4MMTt,40.63270569,-73.63330078,Strongly agree,Strongly agree,Strongly agree,Agree,Strongly agree,White,Female,,No,No,2006 - 2010 years,1ePQq4MMTt@testtest.com,1ePQq4MMTt,7/1/16,UMNBAECWCW
4/28/20 9:38,4/28/20 10:48,EX,67.245.47.25,100,4205,TRUE,4/28/20 10:48,2QKNAWORtk,40.69549561,-73.96669769,Neutral,Agree,Agree,Agree,Strongly agree,White,Female,,Yes,No,2017-18 year,2QKNAWORtk@testtest.com,2QKNAWORtk,3/26/18,DVDBMWRVXX
4/28/20 10:52,4/28/20 10:56,EX,71.187.55.199,100,246,TRUE,4/28/20 10:56,jMPmDL0LqH,40.75230408,-74.21720123,Neutral,Strongly agree,Agree,Agree,Disagree,Black or Your Companyrican-American,Female,,No,No,2012-13 year,jMPmDL0LqH@testtest.com,jMPmDL0LqH,8/13/12,WJCMVPEUXP
4/28/20 11:11,4/28/20 11:12,EX,71.187.44.9,100,60,TRUE,4/28/20 11:12,gfheOR4cBw,40.8184967,-74.1588974,Agree,Agree,Strongly agree,Agree,Strongly agree,White,Female,,No,No,2006 - 2010 years,gfheOR4cBw@testtest.com,gfheOR4cBw,8/1/08,CVUZPNWNBN
4/28/20 12:00,4/28/20 12:01,EX,73.167.188.126,100,79,TRUE,4/28/20 12:01,bW27gCPcII,41.75990295,-72.75740051,Strongly agree,Strongly agree,Strongly agree,Strongly agree,Strongly agree,White,Female,,Yes,No,2018-19 year,bW27gCPcII@testtest.com,bW27gCPcII,2/15/18,HFJQEXQNZH
4/28/20 13:18,4/28/20 13:19,EX,100.38.93.130,100,56,TRUE,4/28/20 13:19,GrpPDhwTeg,40.67399597,-73.9701004,Agree,Strongly agree,Strongly agree,Strongly agree,Strongly agree,White,Male,,No,Yes,2006 - 2010 years,GrpPDhwTeg@testtest.com,GrpPDhwTeg,7/22/19,LWWDQNDACN
4/28/20 15:10,4/28/20 15:15,EX,70.113.42.163,100,283,TRUE,4/28/20 15:15,vPsqR7SDxp,30.42399597,-97.79319763,Agree,Agree,Agree,Strongly agree,Neutral,White,Female,,No,No,2012-13 year,vPsqR7SDxp@testtest.com,vPsqR7SDxp,10/19/15,JGVVFWQOLE
4/27/20 11:46,4/28/20 16:22,EX,72.89.53.15,100,102965,TRUE,4/28/20 16:22,b1Q6DS180w,40.59480286,-73.97149658,Agree,Strongly agree,Agree,Neutral,Agree,Hispanic or Latino,Female,,No,Yes,2017-18 year,b1Q6DS180w@testtest.com,b1Q6DS180w,7/17/17,TXFJECTTTG
4/28/20 16:30,4/28/20 16:39,EX,70.95.43.238,100,541,TRUE,4/28/20 16:39,bkXcXiaGmG,32.7993927,-117.1685944,Agree,Strongly agree,Neutral,Agree,Agree,Two or More Races,Female,,No,Yes,2006 - 2010 years,bkXcXiaGmG@testtest.com,bkXcXiaGmG,8/23/10,UJVYMOLFDZ
4/28/20 16:44,4/28/20 16:45,EX,24.63.122.144,100,90,TRUE,4/28/20 16:45,zR5dJEe9Pb,41.31860352,-72.93019867,Strongly agree,Agree,Strongly agree,Strongly agree,Strongly agree,White,Female,,No,No,2006 - 2010 years,zR5dJEe9Pb@testtest.com,zR5dJEe9Pb,8/30/10,IRHYPSEYBD
4/28/20 17:11,4/28/20 17:13,EX,100.2.16.212,100,141,TRUE,4/28/20 17:13,XnRaScO8Y9,40.78089905,-73.95020294,Agree,Agree,Agree,Strongly agree,Agree,White,Female,,No,No,2014-15 year,XnRaScO8Y9@testtest.com,XnRaScO8Y9,8/21/18,DGKQEDGKIM
4/28/20 17:48,4/28/20 17:50,EX,24.38.240.32,100,88,TRUE,4/28/20 17:50,AbZ6kqBQ6U,40.64619446,-73.9559021,Strongly agree,Strongly agree,Strongly agree,Agree,Strongly agree,White,Female,,No,No,2001 - 2005 years,AbZ6kqBQ6U@testtest.com,AbZ6kqBQ6U,5/31/18,ENETVOIWJO
4/29/20 7:48,4/29/20 7:59,EX,67.87.173.25,100,686,TRUE,4/29/20 7:59,HAh301cBy4,40.66499329,-73.95230103,Agree,Agree,Agree,Agree,Agree,White,Female,,Yes,No,2016-17 year,HAh301cBy4@testtest.com,HAh301cBy4,1/11/17,FKAHJWHLWN
4/29/20 9:05,4/29/20 9:09,EX,107.77.194.84,100,256,TRUE,4/29/20 9:09,QlnLid9z5v,42.4651947,-83.37129974,Neutral,Agree,Agree,Disagree,Agree,Asian,Female,,No,No,2012-13 year,QlnLid9z5v@testtest.com,QlnLid9z5v,9/18/12,WSTTBJSMZG
4/29/20 9:15,4/29/20 9:19,EX,76.23.132.191,100,244,TRUE,4/29/20 9:19,1wzaJaVyuz,41.33340454,-72.30570221,Strongly agree,Strongly agree,Strongly agree,Neutral,Strongly agree,White,Female,,No,Yes,2006 - 2010 years,1wzaJaVyuz@testtest.com,1wzaJaVyuz,7/8/13,QYOISWLSOK
4/29/20 9:13,4/29/20 9:23,EX,73.61.166.53,100,602,TRUE,4/29/20 9:23,Pu6EmC8QNK,41.30540466,-73.12169647,Strongly agree,Agree,Neutral,Agree,Strongly agree,Black or Your Companyrican-American,Female,,No,No,2006 - 2010 years,Pu6EmC8QNK@testtest.com,Pu6EmC8QNK,8/1/09,JZCBEICDKO
4/29/20 9:23,4/29/20 9:24,EX,172.72.20.48,100,49,TRUE,4/29/20 9:24,L4XMPAnMKZ,35.2368927,-80.89569855,Neutral,Agree,Agree,Neutral,Agree,I prefer not to respond,I prefer to self-describe,,I prefer not to respond,I prefer not to respond,I prefer not to respond,L4XMPAnMKZ@testtest.com,L4XMPAnMKZ,7/1/11,SZAIZFOBQV
4/27/20 9:21,4/29/20 9:30,EX,69.116.156.211,100,173328,TRUE,4/29/20 9:30,j7n6FHZyMp,41.01570129,-74.1312027,Agree,Strongly agree,Agree,Agree,Agree,White,Female,,No,No,2018-19 year,j7n6FHZyMp@testtest.com,j7n6FHZyMp,9/4/18,LYVKFNOVNB
4/29/20 9:15,4/29/20 9:31,EX,69.114.108.161,100,988,TRUE,4/29/20 9:31,36LQ0liLTv,41.21699524,-73.05519867,Agree,Strongly agree,Strongly agree,Strongly agree,Strongly agree,Hispanic or Latino,Female,,No,Yes,2015-16 year,36LQ0liLTv@testtest.com,36LQ0liLTv,8/31/15,CXOVOFUTDM
4/29/20 9:31,4/29/20 9:38,EX,24.34.12.71,100,393,TRUE,4/29/20 9:38,heiKfXU0rE,41.26860046,-72.96510315,Neutral,Agree,Strongly agree,Agree,Strongly agree,White,Female,,No,No,2006 - 2010 years,heiKfXU0rE@testtest.com,heiKfXU0rE,6/23/15,GSVXQVVODR
4/29/20 9:43,4/29/20 9:45,EX,69.116.114.40,100,128,TRUE,4/29/20 9:45,1JngLmfE6G,40.51750183,-74.39910126,Agree,Agree,Agree,Agree,Strongly agree,Asian,Female,,No,No,2012-13 year,1JngLmfE6G@testtest.com,1JngLmfE6G,10/1/12,WOIIZMLMQR
4/29/20 9:57,4/29/20 9:58,EX,73.243.204.35,100,95,TRUE,4/29/20 9:58,QpFFSRLPty,39.72770691,-104.9814987,Agree,Strongly agree,Strongly agree,Agree,Strongly agree,White,,,No,No,2006 - 2010 years,QpFFSRLPty@testtest.com,QpFFSRLPty,11/20/19,QHNYPIMEDQ
4/27/20 12:05,4/29/20 10:09,EX,72.69.42.113,100,165813,TRUE,4/29/20 10:09,YWZpgt9J9m,40.5980072,-73.94670105,Agree,Agree,Strongly agree,Neutral,Strongly agree,Black or Your Companyrican-American,Female,,No,No,2019-20 year,YWZpgt9J9m@testtest.com,YWZpgt9J9m,6/17/19,ZKSCLFUHRJ
4/29/20 10:01,4/29/20 10:17,EX,74.101.116.187,100,991,TRUE,4/29/20 10:17,FFw9r3oQnT,40.58279419,-73.95320129,Agree,Agree,Agree,Neutral,Agree,White,Female,,No,No,2006 - 2010 years,FFw9r3oQnT@testtest.com,FFw9r3oQnT,7/8/19,VZSDEGMGVD
4/29/20 10:23,4/29/20 10:30,EX,24.46.217.27,100,418,TRUE,4/29/20 10:30,sLFLq6EKyH,40.67399597,-73.9701004,Disagree,Agree,Neutral,Disagree,Neutral,Two or More Races,Female,,No,No,I prefer not to respond,sLFLq6EKyH@testtest.com,sLFLq6EKyH,8/6/18,IIPQMRZRUI
4/29/20 10:42,4/29/20 10:44,EX,96.239.27.126,100,129,TRUE,4/29/20 10:44,QevwcnME0J,40.59779358,-74.00009918,Neutral,Agree,Agree,Agree,Agree,Asian,Male,,No,Yes,2018-19 year,QevwcnME0J@testtest.com,QevwcnME0J,8/22/18,AGHGZDHJWD
4/29/20 10:44,4/29/20 10:45,EX,173.2.250.37,100,55,TRUE,4/29/20 10:45,ycjdygp79b,40.68769836,-73.92669678,Agree,Strongly agree,Agree,Agree,Agree,Black or Your Companyrican-American,Female,,No,Yes,2011-12 year,ycjdygp79b@testtest.com,ycjdygp79b,7/1/15,AIVIWXAGCR
4/29/20 10:39,4/29/20 10:46,EX,24.107.68.127,100,398,TRUE,4/29/20 10:46,Md39dKQ5KV,38.63130188,-90.6140976,Disagree,Agree,Agree,Neutral,Strongly agree,Black or Your Companyrican-American,Male,,No,No,2006 - 2010 years,Md39dKQ5KV@testtest.com,Md39dKQ5KV,4/15/08,EEMXVWRBWB
4/29/20 9:08,4/29/20 11:06,EX,76.118.57.3,100,7053,TRUE,4/29/20 11:06,hmixh5fQ7V,41.87590027,-72.79889679,Strongly agree,Strongly agree,Strongly agree,Strongly agree,Strongly agree,White,Female,,No,No,2014-15 year,hmixh5fQ7V@testtest.com,hmixh5fQ7V,11/13/17,FKYEFETMMH
4/29/20 11:46,4/29/20 11:47,EX,71.241.153.159,100,61,TRUE,4/29/20 11:47,f5I64GUS2R,40.64460754,-73.97429657,Agree,Agree,Agree,Agree,Agree,White,Female,,No,No,2001 - 2005 years,f5I64GUS2R@testtest.com,f5I64GUS2R,8/1/10,NYLFMRZXHL
4/29/20 14:28,4/29/20 14:31,EX,72.89.53.15,100,151,TRUE,4/29/20 14:31,14n37hliOM,40.59480286,-73.97149658,Strongly agree,Strongly agree,Strongly agree,Strongly agree,Strongly agree,White,Male,,No,No,2015-16 year,14n37hliOM@testtest.com,14n37hliOM,7/1/17,BPQXTRYour CompanyMU
4/29/20 14:46,4/29/20 14:47,EX,104.162.114.252,100,50,TRUE,4/29/20 14:47,KSKo18DV2C,40.66430664,-73.9763031,Agree,Agree,Agree,Disagree,Agree,Two or More Races,Female,,No,No,2012-13 year,KSKo18DV2C@testtest.com,KSKo18DV2C,8/27/18,QPTXROAYGQ
4/29/20 15:19,4/29/20 15:29,EX,76.25.116.225,100,564,TRUE,4/29/20 15:29,sWQ9vhoGCc,39.48950195,-104.8447037,Agree,Agree,Strongly agree,Agree,Strongly agree,White,Female,,No,No,2006 - 2010 years,sWQ9vhoGCc@testtest.com,sWQ9vhoGCc,4/16/13,MDXZVGRBAA
4/29/20 12:34,4/29/20 15:41,EX,70.18.222.84,100,11203,TRUE,4/29/20 15:41,dsOFwOfUtD,40.80000305,-73.9763031,Neutral,Agree,Neutral,Agree,Agree,White,Female,,No,Yes,2014-15 year,dsOFwOfUtD@testtest.com,dsOFwOfUtD,5/27/15,VUPXXNOMCV
4/29/20 15:44,4/29/20 15:45,EX,68.193.89.8,100,79,TRUE,4/29/20 15:45,wQmehz5RVq,40.68769836,-73.92669678,Strongly agree,Strongly agree,Strongly agree,Agree,Strongly agree,Two or More Races,Female,,Yes,No,2019-20 year,wQmehz5RVq@testtest.com,wQmehz5RVq,1/8/20,GFFSTGVLNL
4/29/20 15:51,4/29/20 15:53,EX,108.53.94.90,100,99,TRUE,4/29/20 15:53,gEIqmNPJ8m,40.64959717,-74.35050201,Agree,Strongly agree,Strongly agree,Agree,Agree,White,Female,,No,No,2001 - 2005 years,gEIqmNPJ8m@testtest.com,gEIqmNPJ8m,7/8/10,DJKAKSXAAQ
4/29/20 16:50,4/29/20 16:51,EX,108.12.232.163,100,90,TRUE,4/29/20 16:51,KQybxFAuVQ,41.65280151,-71.46970367,Agree,Strongly agree,Strongly agree,Agree,Strongly agree,White,Male,,No,No,2006 - 2010 years,KQybxFAuVQ@testtest.com,KQybxFAuVQ,6/17/19,OWDGWYDYJB
4/28/20 17:14,4/29/20 16:56,EX,173.91.47.6,100,85355,TRUE,4/29/20 16:56,zsLL0c90QA,41.49510193,-81.46569824,Strongly agree,Agree,Agree,Agree,Neutral,White,Male,,No,No,2001 - 2005 years,zsLL0c90QA@testtest.com,zsLL0c90QA,7/18/11,RDVQXVNUYN
4/29/20 17:03,4/29/20 17:09,EX,71.179.100.211,100,354,TRUE,4/29/20 17:09,G9n8jsZdJt,39.207901,-76.95929718,Disagree,Disagree,Strongly disagree,Disagree,Neutral,I prefer not to respond,I prefer not to respond,,I prefer not to respond,I prefer not to respond,I prefer not to respond,G9n8jsZdJt@testtest.com,G9n8jsZdJt,1/22/18,XNJJMEITNS
4/29/20 19:39,4/29/20 19:41,EX,47.34.92.169,100,79,TRUE,4/29/20 19:41,FFX8CS5MGu,38.64329529,-90.25749969,Strongly agree,Strongly agree,Strongly agree,Strongly agree,Strongly agree,Black or Your Companyrican-American,Male,,No,Yes,2013-14 year,FFX8CS5MGu@testtest.com,FFX8CS5MGu,6/3/19,TPOFZXGBIZ
4/29/20 20:56,4/29/20 20:58,EX,73.142.136.66,100,122,TRUE,4/29/20 20:58,5Goo8S4Oqr,41.45680237,-72.82450104,Agree,Agree,Agree,Agree,Strongly agree,White,Female,,No,Yes,2011-12 year,5Goo8S4Oqr@testtest.com,5Goo8S4Oqr,10/30/17,GQOZQXWEAN
4/29/20 22:54,4/29/20 22:56,EX,148.75.20.240,100,109,TRUE,4/29/20 22:56,92d3m3bSx5,40.79240417,-74.00959778,Agree,Agree,Strongly agree,Agree,Strongly agree,White,Female,,Yes,No,2001 - 2005 years,92d3m3bSx5@testtest.com,92d3m3bSx5,7/20/10,OTUBATPWOF
4/30/20 9:08,4/30/20 9:10,EX,68.189.243.37,100,111,TRUE,4/30/20 9:10,E9UGQ6Cw2q,41.2572937,-73.2111969,Agree,Neutral,Strongly agree,Agree,Strongly agree,White,Female,,Yes,No,2001 - 2005 years,E9UGQ6Cw2q@testtest.com,E9UGQ6Cw2q,7/15/07,WLWNQMSUYC
4/30/20 9:08,4/30/20 9:11,EX,100.12.163.55,100,217,TRUE,4/30/20 9:11,5ipZ21N0uv,40.64689636,-73.93440247,Disagree,Strongly agree,Strongly agree,Neutral,Strongly agree,,Female,,No,Yes,2006 - 2010 years,5ipZ21N0uv@testtest.com,5ipZ21N0uv,7/1/06,RILPUVAYKH
4/30/20 9:07,4/30/20 9:13,EX,73.74.141.123,100,322,TRUE,4/30/20 9:13,UMajtvpcse,41.74479675,-87.98190308,Agree,Agree,Strongly agree,Neutral,Strongly agree,Black or Your Companyrican-American,Female,,No,Yes,During or before the 2000-2001 year,UMajtvpcse@testtest.com,UMajtvpcse,5/10/17,FCBVJFEEJU
4/30/20 9:12,4/30/20 9:13,EX,69.127.177.208,100,98,TRUE,4/30/20 9:13,hxpPfPuvwx,40.8730011,-73.82330322,Neutral,Agree,Agree,Agree,Agree,Black or Your Companyrican-American,Female,,No,Yes,2018-19 year,hxpPfPuvwx@testtest.com,hxpPfPuvwx,7/24/19,RMPAWOZOYM
4/30/20 9:26,4/30/20 9:58,EX,67.251.146.197,100,1942,TRUE,4/30/20 9:58,3MP8S0boXE,40.71569824,-74,Neutral,Neutral,Agree,Disagree,Disagree,White,Female,,No,No,2012-13 year,3MP8S0boXE@testtest.com,3MP8S0boXE,1/11/16,NKZTHHDPYU
4/30/20 10:02,4/30/20 10:04,EX,98.116.160.98,100,135,TRUE,4/30/20 10:04,ytp2Q4pLvU,40.90390015,-73.83699799,Neutral,Neutral,Agree,Neutral,Disagree,Two or More Races,Female,,No,Yes,2018-19 year,ytp2Q4pLvU@testtest.com,ytp2Q4pLvU,1/31/19,NKHKQOPYQI
4/30/20 9:52,4/30/20 10:07,EX,74.90.246.120,100,885,TRUE,4/30/20 10:07,0AamY7NSP0,40.64619446,-73.9559021,Strongly agree,Strongly agree,Strongly agree,Strongly agree,Strongly agree,Hispanic or Latino,Male,,Yes,Yes,2006 - 2010 years,0AamY7NSP0@testtest.com,0AamY7NSP0,9/13/10,YIMIOIQVOS
4/30/20 10:14,4/30/20 10:18,EX,32.210.45.241,100,264,TRUE,4/30/20 10:18,mE7JRkarqY,41.35710144,-72.93340302,Agree,Strongly agree,Strongly agree,Agree,Strongly agree,Black or Your Companyrican-American,Female,,No,Yes,2006 - 2010 years,mE7JRkarqY@testtest.com,mE7JRkarqY,5/31/16,EOVBVPYKHO
4/30/20 9:58,4/30/20 10:21,EX,74.105.161.159,100,1399,TRUE,4/30/20 10:21,qkocqs7YYe,40.66789246,-74.11779785,Agree,Strongly agree,Strongly agree,Strongly agree,Strongly agree,Black or Your Companyrican-American,Male,,No,Yes,2006 - 2010 years,qkocqs7YYe@testtest.com,qkocqs7YYe,6/4/18,AHTDRDEHPZ
4/30/20 10:36,4/30/20 10:49,EX,174.44.211.143,100,768,TRUE,4/30/20 10:49,nvID7bV8WE,40.66499329,-73.95230103,Agree,Strongly agree,Agree,Strongly agree,Strongly agree,Black or Your Companyrican-American,Female,,Yes,No,2001 - 2005 years,nvID7bV8WE@testtest.com,nvID7bV8WE,8/1/07,LJJLIXMJOW
4/30/20 12:19,4/30/20 12:22,EX,72.226.12.140,100,152,TRUE,4/30/20 12:22,NIWC1ONs2F,40.76089478,-73.91149902,Agree,Agree,Agree,Agree,Agree,Asian,Female,,No,No,I prefer not to respond,NIWC1ONs2F@testtest.com,NIWC1ONs2F,9/1/12,THYKYGEUYE
4/30/20 13:07,4/30/20 13:14,EX,24.228.193.5,100,404,TRUE,4/30/20 13:14,3sLaYkAnnp,41.13600159,-73.40599823,Strongly agree,Agree,Strongly agree,Agree,Strongly agree,White,Female,,No,No,2006 - 2010 years,3sLaYkAnnp@testtest.com,3sLaYkAnnp,7/22/19,QSUNYJBGGF
4/27/20 9:22,4/30/20 14:18,EX,108.34.129.162,100,276992,TRUE,4/30/20 14:18,Q10GLM2RMe,41.83070374,-71.39820099,Agree,Agree,Agree,Agree,Strongly agree,Hispanic or Latino,Female,,No,No,2001 - 2005 years,Q10GLM2RMe@testtest.com,Q10GLM2RMe,8/9/09,SKKJNHHIVY
4/30/20 14:28,4/30/20 14:35,EX,67.81.130.63,100,378,TRUE,4/30/20 14:35,fEco4fYAtO,40.6703949,-73.69809723,Neutral,Agree,Agree,Agree,Agree,Black or Your Companyrican-American,Male,,No,No,2001 - 2005 years,fEco4fYAtO@testtest.com,fEco4fYAtO,7/1/17,LUGAGZHPOB
4/30/20 14:52,4/30/20 14:53,EX,174.192.17.62,100,42,TRUE,4/30/20 14:53,9GmSajRI65,41.49389648,-73.05169678,Strongly agree,Strongly agree,Strongly agree,Strongly agree,Strongly agree,White,Male,,Yes,No,2006 - 2010 years,9GmSajRI65@testtest.com,9GmSajRI65,7/1/15,JYCROUNXOZ
4/30/20 15:07,4/30/20 15:10,EX,47.17.197.18,100,156,TRUE,4/30/20 15:10,bjjhvObm5A,40.86219788,-73.89019775,Agree,Strongly agree,Strongly agree,Strongly agree,Strongly agree,Asian,Male,,I prefer not to respond,No,2019-20 year,bjjhvObm5A@testtest.com,bjjhvObm5A,2/11/19,GQDBWJDEFJ
4/30/20 15:10,4/30/20 15:10,EX,66.65.132.68,100,48,TRUE,4/30/20 15:10,F3mtg8cUhL,40.72790527,-73.99659729,Neutral,Agree,Agree,Agree,Agree,Asian,Male,,No,Yes,2016-17 year,F3mtg8cUhL@testtest.com,F3mtg8cUhL,7/1/17,PTCICACOTM
4/30/20 16:23,4/30/20 16:27,EX,108.27.29.152,100,217,TRUE,4/30/20 16:27,Q6nITVUXVh,40.73590088,-73.99040222,Strongly agree,Strongly agree,Agree,Agree,Strongly agree,White,Female,,No,No,2006 - 2010 years,Q6nITVUXVh@testtest.com,Q6nITVUXVh,8/1/10,AXIUAXJKMM
4/30/20 16:31,4/30/20 16:39,EX,76.119.180.236,100,469,TRUE,4/30/20 16:39,LiuzhorfSo,42.33639526,-71.0326004,Agree,Strongly agree,Strongly agree,Agree,Strongly agree,White,Female,,Yes,No,2006 - 2010 years,LiuzhorfSo@testtest.com,LiuzhorfSo,6/3/19,PLFZORZEQU
4/30/20 16:53,4/30/20 16:54,EX,74.108.23.141,100,80,TRUE,4/30/20 16:54,XvAYKCCSS3,41.04699707,-73.62239838,Agree,Agree,Neutral,Neutral,Agree,Black or Your Companyrican-American,Male,,Yes,No,2018-19 year,XvAYKCCSS3@testtest.com,XvAYKCCSS3,7/1/19,NQNKAERDUR
4/28/20 10:30,4/30/20 17:47,EX,69.142.66.107,100,199019,TRUE,4/30/20 17:47,MGYtkQQNZW,39.64109802,-74.19219971,Disagree,Agree,Agree,Neutral,Strongly agree,,,,,,,MGYtkQQNZW@testtest.com,MGYtkQQNZW,6/8/15,IGHZZOFSEN
4/30/20 17:49,4/30/20 17:50,EX,97.117.106.16,100,78,TRUE,4/30/20 17:50,XWZVQm55WV,40.56410217,-111.9279022,Agree,Strongly agree,Strongly agree,Agree,Strongly agree,White,Male,,No,No,2017-18 year,XWZVQm55WV@testtest.com,XWZVQm55WV,2/12/18,GDISQARJVU
4/30/20 15:25,4/30/20 18:08,EX,69.202.238.1,100,9755,TRUE,4/30/20 18:08,KddEoytwwi,40.66430664,-73.9763031,Neutral,Agree,Agree,Neutral,Agree,Asian,Female,,No,No,2006 - 2010 years,KddEoytwwi@testtest.com,KddEoytwwi,3/30/10,TYUALWXDTF
4/29/20 10:05,4/30/20 19:11,EX,24.46.199.110,100,119176,TRUE,4/30/20 19:11,mFKXXKUk7t,40.68769836,-73.92669678,Strongly agree,Strongly agree,Agree,Agree,Agree,Hispanic or Latino,,,No,Yes,2006 - 2010 years,mFKXXKUk7t@testtest.com,mFKXXKUk7t,6/20/16,FZUPQFMUVJ
5/1/20 4:58,5/1/20 5:01,EX,24.191.184.187,100,206,TRUE,5/1/20 5:01,4GzWUzSqJd,40.63720703,-73.90370178,Neutral,Neutral,Agree,Agree,Agree,I prefer not to respond,I prefer not to respond,,No,No,I prefer not to respond,4GzWUzSqJd@testtest.com,4GzWUzSqJd,6/1/09,KMGDFPQSJS
5/1/20 8:18,5/1/20 8:40,EX,24.168.46.73,100,1341,TRUE,5/1/20 8:40,1RemhKRdek,41.69189453,-73.86419678,Neutral,Neutral,Agree,Agree,Strongly agree,Black or Your Companyrican-American,Female,,No,No,2018-19 year,1RemhKRdek@testtest.com,1RemhKRdek,8/10/18,PLJWOHESRY
5/1/20 10:08,5/1/20 10:44,EX,68.192.82.80,100,2149,TRUE,5/1/20 10:44,oTWGNctymp,41.16819763,-73.26889801,Agree,Agree,Agree,Strongly agree,Agree,Black or Your Companyrican-American,Female,,No,No,2014-15 year,oTWGNctymp@testtest.com,oTWGNctymp,2/10/15,AZSEDFREVI
5/1/20 10:55,5/1/20 11:01,EX,69.113.153.213,100,338,TRUE,5/1/20 11:01,yygiHwnJmM,40.67390442,-73.93579865,Strongly agree,Agree,Neutral,Agree,Strongly agree,Black or Your Companyrican-American,Male,,No,Yes,I prefer not to respond,yygiHwnJmM@testtest.com,yygiHwnJmM,5/28/19,CCFOIXTEVF
5/1/20 10:58,5/1/20 11:04,EX,69.115.251.4,100,341,TRUE,5/1/20 11:04,kiKkZjAvN4,40.61860657,-73.92720032,Neutral,Agree,Agree,Agree,Agree,I prefer not to respond,I prefer not to respond,,I prefer not to respond,I prefer not to respond,2011-12 year,kiKkZjAvN4@testtest.com,kiKkZjAvN4,10/7/13,YRASANHGXT
5/1/20 11:30,5/1/20 11:33,EX,100.2.48.36,100,185,TRUE,5/1/20 11:33,hQ4DY5RrHG,40.68769836,-73.92669678,Strongly agree,Strongly agree,Agree,Agree,Strongly agree,White,Female,,No,Yes,2006 - 2010 years,hQ4DY5RrHG@testtest.com,hQ4DY5RrHG,7/1/13,DAXQBLJIJV
5/1/20 11:40,5/1/20 11:42,EX,74.97.29.179,100,130,TRUE,5/1/20 11:42,MRrTpp8Ksp,41.78160095,-71.38970184,Agree,Strongly agree,Strongly agree,Agree,Strongly agree,Hispanic or Latino,Male,,No,No,2017-18 year,MRrTpp8Ksp@testtest.com,MRrTpp8Ksp,5/7/18,DYour CompanyFBJUIPD
4/27/20 13:52,5/1/20 11:42,EX,47.17.183.50,100,337811,TRUE,5/1/20 11:43,xIJ7A8Z1UO,40.62139893,-73.97049713,Agree,Strongly agree,Agree,Agree,Agree,Black or Your Companyrican-American,Female,,No,I prefer not to respond,2016-17 year,xIJ7A8Z1UO@testtest.com,xIJ7A8Z1UO,9/30/19,ZBEETQZMPU
4/27/20 18:12,5/1/20 11:49,EX,24.90.108.53,100,322629,TRUE,5/1/20 11:49,h6HVzLTAWq,40.69400024,-73.99009705,Agree,Agree,Neutral,Agree,Disagree,Black or Your Companyrican-American,Female,,,,,h6HVzLTAWq@testtest.com,h6HVzLTAWq,8/1/07,EJGXBSTBBS
5/1/20 11:50,5/1/20 11:57,EX,71.246.124.142,100,443,TRUE,5/1/20 11:57,dk8q8svnE8,40.67399597,-73.9701004,Agree,Agree,Strongly agree,Agree,Strongly agree,White,Female,,No,No,2006 - 2010 years,dk8q8svnE8@testtest.com,dk8q8svnE8,7/5/10,ESTYour CompanyBTGPZ
4/27/20 10:30,5/1/20 12:21,EX,173.52.67.23,100,352232,TRUE,5/1/20 12:21,zC7m7qOvH5,40.94760132,-73.86239624,Strongly agree,Strongly agree,Strongly agree,Strongly agree,Strongly agree,Two or More Races,Female,,No,Yes,2014-15 year,zC7m7qOvH5@testtest.com,zC7m7qOvH5,6/3/19,KVUENEVYOM
5/1/20 12:18,5/1/20 12:24,EX,98.14.230.104,100,377,TRUE,5/1/20 12:24,Uwfai9zf7K,40.67399597,-73.9701004,Disagree,Agree,Agree,Agree,Strongly agree,White,Male,,No,No,2006 - 2010 years,Uwfai9zf7K@testtest.com,Uwfai9zf7K,4/8/10,THERPXYVZF
5/1/20 12:46,5/1/20 12:56,EX,24.61.58.15,100,585,TRUE,5/1/20 12:56,eno1vvZJS7,41.31860352,-72.93019867,Neutral,Strongly agree,Neutral,Disagree,Neutral,I prefer not to respond,I prefer not to respond,,I prefer not to respond,I prefer not to respond,I prefer not to respond,eno1vvZJS7@testtest.com,eno1vvZJS7,8/1/10,PGFSBYQVNC
5/1/20 14:54,5/1/20 14:56,EX,72.231.20.151,100,124,TRUE,5/1/20 14:56,9LyGDhZ66c,40.69400024,-73.8219986,Neutral,Agree,Agree,Neutral,Agree,Black or Your Companyrican-American,Female,,I prefer not to respond,No,2014-15 year,9LyGDhZ66c@testtest.com,9LyGDhZ66c,,ZDTWWXVILS
5/1/20 13:26,5/1/20 15:09,EX,24.185.171.196,100,6201,TRUE,5/1/20 15:09,6sGB8Ir2bE,40.67129517,-73.89430237,Neutral,Disagree,Neutral,Disagree,Neutral,Asian,Male,,Yes,Yes,2006 - 2010 years,6sGB8Ir2bE@testtest.com,6sGB8Ir2bE,8/12/19,BDQLXLDYWG
5/1/20 15:11,5/1/20 15:13,EX,69.124.168.3,100,68,TRUE,5/1/20 15:13,drtkBsdXhC,41.19970703,-73.43430328,Agree,Strongly agree,Agree,Agree,Strongly agree,White,Female,,No,No,2011-12 year,drtkBsdXhC@testtest.com,drtkBsdXhC,12/1/13,FZBLXDBXKP
5/1/20 15:46,5/1/20 15:48,EX,24.228.122.40,100,82,TRUE,5/1/20 15:48,eNTKxiLmIc,40.67630005,-73.94920349,Agree,Agree,Neutral,Agree,Agree,White,Male,,No,No,2018-19 year,eNTKxiLmIc@testtest.com,eNTKxiLmIc,6/25/18,ZHDGKKLNVQ
4/27/20 9:16,5/1/20 16:08,EX,173.49.44.172,100,370294,TRUE,5/1/20 16:08,moLp3yO8jt,40.18089294,-75.21559906,Agree,Agree,Neutral,Agree,Agree,White,Female,,No,No,2006 - 2010 years,moLp3yO8jt@testtest.com,moLp3yO8jt,7/1/17,LKMAZZTRHC
5/1/20 17:06,5/1/20 17:23,EX,71.179.100.211,100,1052,TRUE,5/1/20 17:23,3lzFz8JbY8,39.207901,-76.95929718,Disagree,Disagree,Disagree,Disagree,Neutral,I prefer not to respond,I prefer not to respond,,I prefer not to respond,I prefer not to respond,I prefer not to respond,3lzFz8JbY8@testtest.com,3lzFz8JbY8,1/22/18,AETCGWVRMD
5/1/20 17:14,5/1/20 17:30,EX,108.30.133.57,100,951,TRUE,5/1/20 17:30,2yKBDcW6eW,40.64619446,-73.9559021,Agree,Agree,Agree,Agree,Agree,White,Female,,No,No,2006 - 2010 years,2yKBDcW6eW@testtest.com,2yKBDcW6eW,8/15/16,YXFJMAVGEA
5/1/20 9:29,5/1/20 17:37,EX,24.228.32.194,100,29292,TRUE,5/1/20 17:37,3dKc6HFpwP,40.63720703,-73.90370178,Strongly agree,Strongly agree,Strongly agree,Agree,Strongly agree,Black or Your Companyrican-American,Male,,No,Yes,2019-20 year,3dKc6HFpwP@testtest.com,3dKc6HFpwP,9/3/19,LPHELBIEGJ
5/1/20 16:45,5/1/20 17:38,EX,100.40.193.65,100,3187,TRUE,5/1/20 17:38,ICPvMJlpCK,41.70170593,-73.90779877,Neutral,Strongly agree,Agree,Agree,Strongly agree,Hispanic or Latino,Female,,No,Yes,2014-15 year,ICPvMJlpCK@testtest.com,ICPvMJlpCK,6/11/18,GYNSSXUIKM
5/1/20 19:14,5/1/20 19:16,EX,142.255.120.215,100,102,TRUE,5/1/20 19:16,BlXbVADBdn,40.69470215,-73.73739624,Strongly agree,Strongly agree,Agree,Agree,Strongly agree,Black or Your Companyrican-American,Male,,No,No,2017-18 year,BlXbVADBdn@testtest.com,BlXbVADBdn,8/26/19,BHWFWKXFLK
4/27/20 9:47,5/2/20 12:03,EX,108.50.147.100,100,440133,TRUE,5/2/20 12:03,1kFQ4uu4Zn,40.70530701,-74.08660126,Agree,Strongly agree,Strongly agree,Strongly agree,Strongly agree,Asian,Female,,No,No,2019-20 year,1kFQ4uu4Zn@testtest.com,1kFQ4uu4Zn,2/24/20,VCLDBNUTWA
5/2/20 14:51,5/2/20 14:55,EX,24.151.50.4,100,206,TRUE,5/2/20 14:55,Sz4yesw0uk,41.2572937,-73.2111969,Agree,Agree,Agree,Agree,Agree,White,Female,,No,No,2011-12 year,Sz4yesw0uk@testtest.com,Sz4yesw0uk,2/27/12,TTPJGNZEEE
5/2/20 16:01,5/2/20 16:05,EX,69.112.244.4,100,228,TRUE,5/2/20 16:05,5p8ZXi8FN4,41.14619446,-73.99659729,Agree,Neutral,Neutral,Agree,Agree,Black or Your Companyrican-American,Female,,No,No,2013-14 year,5p8ZXi8FN4@testtest.com,5p8ZXi8FN4,2/21/17,THTVXIQFWI
5/2/20 14:52,5/3/20 0:59,EX,67.243.191.166,100,36422,TRUE,5/3/20 0:59,dJyR8ZCVsc,40.74839783,-73.86199951,Neutral,Neutral,Neutral,Disagree,Disagree,I prefer not to respond,I prefer not to respond,,I prefer not to respond,Yes,I prefer not to respond,dJyR8ZCVsc@testtest.com,dJyR8ZCVsc,7/1/17,JWVQWBHOWM
5/3/20 13:33,5/3/20 13:38,EX,67.244.36.232,100,289,TRUE,5/3/20 13:38,8kcVkqc7bo,43.6598053,-70.25469971,Strongly agree,Strongly agree,Agree,Strongly agree,Agree,White,Male,,No,Yes,2006 - 2010 years,8kcVkqc7bo@testtest.com,8kcVkqc7bo,7/1/17,HCUICEFQVS
5/3/20 21:10,5/3/20 21:13,EX,24.198.105.59,100,194,TRUE,5/3/20 21:13,Yvv425pWTs,44.94299316,-68.67500305,Agree,Agree,Agree,Disagree,Agree,White,Female,,No,No,2012-13 year,Yvv425pWTs@testtest.com,Yvv425pWTs,5/21/12,HSPPKVUWBT
5/4/20 2:28,5/4/20 2:38,EX,68.193.26.34,100,607,TRUE,5/4/20 2:38,GkLy0uvFTS,40.67399597,-73.9701004,Strongly agree,Agree,Agree,Agree,Strongly agree,Black or Your Companyrican-American,Male,,No,No,2016-17 year,GkLy0uvFTS@testtest.com,GkLy0uvFTS,7/16/18,TPYDOKEKOO
5/4/20 8:20,5/4/20 8:21,EX,148.75.208.144,100,71,TRUE,5/4/20 8:21,WjoS1JH9se,40.67630005,-73.94920349,Agree,Strongly agree,Agree,Strongly agree,Strongly agree,White,Male,,No,No,2006 - 2010 years,WjoS1JH9se@testtest.com,WjoS1JH9se,7/10/17,KXPZIJIEUA
5/4/20 8:46,5/4/20 8:49,EX,72.90.144.132,100,180,TRUE,5/4/20 8:49,237NE7iIsm,40.65109253,-74.26000214,Neutral,Agree,Agree,Agree,Agree,Black or Your Companyrican-American,Female,,No,No,2015-16 year,237NE7iIsm@testtest.com,237NE7iIsm,6/4/18,QUDAWPVDFV
5/4/20 9:07,5/4/20 9:09,EX,172.242.222.210,100,123,TRUE,5/4/20 9:09,Gwfcu3nO98,39.95440674,-75.16570282,Agree,Agree,Strongly agree,Agree,Agree,White,Female,,No,Yes,2015-16 year,Gwfcu3nO98@testtest.com,Gwfcu3nO98,7/8/15,HYUYWVCCAX
4/29/20 9:54,5/4/20 9:12,EX,68.174.133.172,100,429475,TRUE,5/4/20 9:12,eZxBED5Cef,40.8170929,-73.93920135,Agree,Agree,Strongly agree,Strongly agree,Agree,Black or Your Companyrican-American,Female,,No,Yes,2006 - 2010 years,eZxBED5Cef@testtest.com,eZxBED5Cef,11/18/19,XYNHKYUXCV
4/29/20 9:06,5/4/20 9:12,EX,73.44.122.50,100,432343,TRUE,5/4/20 9:12,yaosihLt4E,42.03540039,-87.73699951,Disagree,Strongly disagree,Agree,Strongly disagree,Agree,White,Male,,No,Yes,2006 - 2010 years,yaosihLt4E@testtest.com,yaosihLt4E,7/1/11,JFUZFHEQDW
4/27/20 10:15,5/4/20 9:21,EX,173.2.251.37,100,601583,TRUE,5/4/20 9:21,ognwhkc8P0,40.67399597,-73.9701004,Agree,Strongly agree,Agree,Agree,Agree,Black or Your Companyrican-American,Female,,No,No,2006 - 2010 years,ognwhkc8P0@testtest.com,ognwhkc8P0,9/16/19,IIOLDSKUUI
5/4/20 9:18,5/4/20 9:22,EX,107.77.226.13,100,233,TRUE,5/4/20 9:22,iSVczErMKk,40.66789246,-74.11779785,Agree,Agree,Neutral,Agree,Agree,Two or More Races,Female,,No,No,2019-20 year,iSVczErMKk@testtest.com,iSVczErMKk,7/15/19,YSBWTKNPDC
5/4/20 9:13,5/4/20 9:22,EX,96.250.203.197,100,591,TRUE,5/4/20 9:22,HcbMl9rIcL,40.66499329,-73.95230103,Agree,Agree,Strongly agree,Disagree,Strongly agree,White,Female,,No,No,During or before the 2000-2001 year,HcbMl9rIcL@testtest.com,HcbMl9rIcL,6/2/08,MCAJFTFKLD
4/27/20 9:17,5/4/20 9:25,EX,108.26.141.142,100,605263,TRUE,5/4/20 9:25,DCMq2HN7I2,42.15060425,-71.42680359,Agree,Strongly agree,Neutral,Agree,Neutral,White,Female,,No,No,2006 - 2010 years,DCMq2HN7I2@testtest.com,DCMq2HN7I2,6/20/16,FGCYFWFZRB
5/4/20 9:22,5/4/20 9:28,EX,108.41.160.240,100,352,TRUE,5/4/20 9:28,Pf0MPV4NXH,40.70089722,-73.94609833,Agree,Agree,Neutral,Agree,Agree,Hispanic or Latino,Female,,No,Yes,2012-13 year,Pf0MPV4NXH@testtest.com,Pf0MPV4NXH,11/13/19,PJHTTYXXNW
5/4/20 9:20,5/4/20 9:31,EX,73.197.116.64,100,666,TRUE,5/4/20 9:31,zFrlrjIyPN,39.78970337,-75.03549957,Neutral,Agree,Agree,Agree,Strongly agree,Black or Your Companyrican-American,Female,,No,Yes,2006 - 2010 years,zFrlrjIyPN@testtest.com,zFrlrjIyPN,7/1/18,SJZOPLMQQV
5/4/20 9:20,5/4/20 9:39,EX,24.151.114.41,100,1173,TRUE,5/4/20 9:39,IPLl1FErrp,41.2572937,-73.2111969,Strongly agree,Strongly agree,Strongly agree,Strongly agree,Strongly agree,White,Male,,No,No,During or before the 2000-2001 year,IPLl1FErrp@testtest.com,IPLl1FErrp,4/13/06,JYDUHKPJME
5/4/20 9:54,5/4/20 10:01,EX,24.34.212.148,100,423,TRUE,5/4/20 10:01,29GJLd1kmV,41.31860352,-72.93019867,Neutral,Agree,Agree,Neutral,Neutral,White,Female,,No,No,2011-12 year,29GJLd1kmV@testtest.com,29GJLd1kmV,4/9/18,UARNTQTWCJ
5/4/20 10:05,5/4/20 10:20,EX,71.187.55.116,100,893,TRUE,5/4/20 10:20,iEr1DpD6wx,40.75230408,-74.21720123,Agree,Neutral,Agree,Neutral,Agree,Black or Your Companyrican-American,Female,,No,No,2014-15 year,iEr1DpD6wx@testtest.com,iEr1DpD6wx,1/12/15,RVYXEMYSVL
5/4/20 10:25,5/4/20 10:26,EX,100.10.89.164,100,72,TRUE,5/4/20 10:26,czzuGJ5vGe,41.87399292,-71.38439941,Strongly agree,Strongly agree,Strongly agree,Strongly agree,Strongly agree,Hispanic or Latino,Female,,No,Yes,2014-15 year,czzuGJ5vGe@testtest.com,czzuGJ5vGe,1/8/18,GUZVXGSKXQ
5/4/20 10:19,5/4/20 10:36,EX,71.235.117.172,100,1038,TRUE,5/4/20 10:36,ADb8ycDonu,41.41859436,-73.12750244,Agree,Strongly agree,Strongly agree,Agree,Strongly agree,Black or Your Companyrican-American,Female,,No,Yes,2015-16 year,ADb8ycDonu@testtest.com,ADb8ycDonu,4/20/15,KQGBVPFMRU
4/30/20 14:39,5/4/20 10:52,EX,24.188.106.243,100,331941,TRUE,5/4/20 10:52,dE8pONKCcL,40.67399597,-73.9701004,Agree,Strongly agree,Agree,Strongly agree,Strongly agree,Black or Your Companyrican-American,Male,,Yes,No,2006 - 2010 years,dE8pONKCcL@testtest.com,dE8pONKCcL,7/1/11,XZYDGYLUHK
5/4/20 11:16,5/4/20 11:17,EX,69.62.181.125,100,98,TRUE,5/4/20 11:17,Qnj13eurse,38.88969421,-121.2873001,Strongly agree,Neutral,Strongly agree,Agree,Agree,Hispanic or Latino,Male,,No,No,2001 - 2005 years,Qnj13eurse@testtest.com,Qnj13eurse,6/15/15,QLUVYPDVNX
5/4/20 11:25,5/4/20 11:27,EX,47.18.83.173,100,134,TRUE,5/4/20 11:27,LgakIzY4qQ,41.05340576,-73.53869629,Agree,Strongly agree,Agree,Strongly agree,Strongly agree,Black or Your Companyrican-American,Female,,No,No,2006 - 2010 years,LgakIzY4qQ@testtest.com,LgakIzY4qQ,3/25/19,BJCTSVSUIL
4/29/20 10:05,5/4/20 11:55,EX,73.68.85.231,100,438566,TRUE,5/4/20 11:55,nmz1R4RapR,41.27760315,-72.81150055,Neutral,Agree,Neutral,Agree,Strongly agree,Two or More Races,Female,,No,Yes,2006 - 2010 years,nmz1R4RapR@testtest.com,nmz1R4RapR,7/11/18,OUGYNQFKSX
5/4/20 12:28,5/4/20 12:33,EX,69.136.109.210,100,287,TRUE,5/4/20 12:33,4yHI6KBlxS,40.70530701,-74.08660126,Agree,Agree,Strongly agree,Strongly agree,Strongly agree,Asian,Female,,No,Yes,2006 - 2010 years,4yHI6KBlxS@testtest.com,4yHI6KBlxS,8/1/17,AHRHCEBLAQ
5/4/20 13:09,5/4/20 13:10,EX,24.102.83.182,100,98,TRUE,5/4/20 13:10,3xbO0bIv5M,40.77870178,-73.91320038,Agree,Agree,Agree,Agree,Agree,Black or Your Companyrican-American,Female,,No,Yes,2011-12 year,3xbO0bIv5M@testtest.com,3xbO0bIv5M,11/18/19,REAEIQRBBL
5/4/20 13:48,5/4/20 13:56,EX,98.116.149.12,100,509,TRUE,5/4/20 13:56,IFlmuLwaLj,40.59779358,-74.00009918,Neutral,Strongly agree,Neutral,Agree,Strongly agree,Black or Your Companyrican-American,Female,,No,No,2011-12 year,IFlmuLwaLj@testtest.com,IFlmuLwaLj,7/1/11,GNKQFGGSFB
5/1/20 14:35,5/4/20 14:23,EX,71.235.60.44,100,258480,TRUE,5/4/20 14:23,3cmbc06RRy,41.35710144,-72.93340302,Neutral,Agree,Neutral,Neutral,Agree,Black or Your Companyrican-American,Female,,No,Yes,2018-19 year,3cmbc06RRy@testtest.com,3cmbc06RRy,1/3/19,EJIISWWZOW
5/4/20 15:30,5/4/20 15:32,EX,73.100.141.183,100,130,TRUE,5/4/20 15:32,pewecAxM6q,41.40969849,-72.91100311,Agree,Agree,Strongly agree,Disagree,Strongly agree,Hispanic or Latino,Female,,No,Yes,2016-17 year,pewecAxM6q@testtest.com,pewecAxM6q,7/24/17,NYIJFIDDQO
5/4/20 15:55,5/4/20 15:57,EX,24.163.74.2,100,101,TRUE,5/4/20 15:57,oQnfsb9N6k,36.08970642,-78.92970276,Agree,Agree,Neutral,Agree,Agree,White,Female,,I prefer not to respond,No,2014-15 year,oQnfsb9N6k@testtest.com,oQnfsb9N6k,6/15/15,IHQVWJKWTC
5/4/20 15:59,5/4/20 16:00,EX,173.52.53.174,100,84,TRUE,5/4/20 16:00,JEvNQoX1en,40.62080383,-74.04260254,Agree,Strongly agree,Strongly agree,Agree,Agree,White,Female,,No,No,I prefer not to respond,JEvNQoX1en@testtest.com,JEvNQoX1en,3/6/20,ENWYKCMKWO
5/4/20 16:03,5/4/20 16:04,EX,76.100.96.44,100,73,TRUE,5/4/20 16:04,4GTPzyNdHH,39.26449585,-76.62239838,Neutral,Agree,Neutral,Agree,Agree,Asian,Female,,No,No,2006 - 2010 years,4GTPzyNdHH@testtest.com,4GTPzyNdHH,8/1/10,YDPZJLGYEQ
5/4/20 16:00,5/4/20 16:04,EX,69.123.242.141,100,253,TRUE,5/4/20 16:04,3HUW0YhlZL,40.9355011,-73.76029968,Disagree,Neutral,Disagree,Strongly disagree,Neutral,White,Female,,No,No,2006 - 2010 years,3HUW0YhlZL@testtest.com,3HUW0YhlZL,7/1/11,FFDXGTZSMB
5/4/20 16:07,5/4/20 16:08,EX,69.114.242.48,100,69,TRUE,5/4/20 16:08,gVBG1CVwn0,40.55110168,-74.46060181,Agree,Strongly agree,Agree,Agree,Strongly agree,I prefer not to respond,Female,,No,No,2001 - 2005 years,gVBG1CVwn0@testtest.com,gVBG1CVwn0,8/1/09,JDRIBJCNZJ
5/4/20 16:20,5/4/20 16:21,EX,72.92.233.130,100,55,TRUE,5/4/20 16:21,JDDr3nMydk,41.83070374,-71.39820099,Neutral,Strongly agree,Agree,Agree,Strongly agree,White,Male,,No,No,2006 - 2010 years,JDDr3nMydk@testtest.com,JDDr3nMydk,6/1/10,YMWCOJGGJI
5/4/20 16:22,5/4/20 16:23,EX,38.126.101.146,100,83,TRUE,5/4/20 16:23,kN5uqCyogC,41.31860352,-72.93019867,Agree,Strongly agree,Agree,Strongly agree,Neutral,White,Female,,No,No,2006 - 2010 years,kN5uqCyogC@testtest.com,kN5uqCyogC,10/16/06,WMGFWEQCTJ
5/1/20 16:29,5/4/20 16:27,EX,69.114.40.110,100,259091,TRUE,5/4/20 16:27,EJg3uXrjfN,41.1631012,-73.21399689,Neutral,Agree,Neutral,Neutral,Agree,Black or Your Companyrican-American,Female,,No,Yes,2001 - 2005 years,EJg3uXrjfN@testtest.com,EJg3uXrjfN,8/1/04,NPRGJKUTCK
5/4/20 16:34,5/4/20 16:37,EX,74.76.232.207,100,182,TRUE,5/4/20 16:37,O8875rJZYx,42.70889282,-73.20359802,Agree,Strongly agree,Agree,Agree,Strongly agree,Two or More Races,Female,,No,No,2006 - 2010 years,O8875rJZYx@testtest.com,O8875rJZYx,7/31/06,OAPGYSNPAQ
5/4/20 16:37,5/4/20 16:39,EX,71.120.24.225,100,158,TRUE,5/4/20 16:39,W3wJaMDSbu,38.98010254,-76.74250031,Strongly agree,Strongly agree,Strongly agree,Agree,Strongly agree,Black or Your Companyrican-American,Female,,No,No,2001 - 2005 years,W3wJaMDSbu@testtest.com,W3wJaMDSbu,7/1/09,IUYEGDROOC
5/4/20 16:41,5/4/20 16:43,EX,142.197.99.122,100,84,TRUE,5/4/20 16:43,R_3meGOidrNgJ51Bv,28.59779358,-81.30239868,Neutral,Disagree,Strongly agree,Neutral,Agree,White,Female,,No,No,2006 - 2010 years,@testtest.com,102787,7/1/13,Team Teaching and Learning
5/4/20 16:44,5/4/20 16:47,EX,32.214.174.104,100,195,TRUE,5/4/20 16:47,R_eJM0XeC3Iq1k3Qt,41.32929993,-72.96640015,Agree,Agree,Agree,Agree,Agree,White,Female,,No,Yes,2006 - 2010 years,@testtest.com,102092,6/1/12,Team HS Academy
4/29/20 9:55,5/4/20 16:53,EX,67.84.196.168,100,457049,TRUE,5/4/20 16:53,R_2yllNZ2dTSDFeHD,40.64689636,-73.93440247,Agree,Strongly agree,Agree,Agree,Agree,White,Male,,No,No,During or before the 2000-2001 year,@testtest.com,101182,6/23/99,Cabinet